<?xml version="1.0" encoding="UTF-8" standalone="yes"?>
<addon id="repository.sydney1712" name="sydney1712" version="0.0.1" provider-name="sydney1712">
	<extension point="xbmc.addon.repository" name="sydney1712">
		<dir>
			<info compressed="false">https://raw.githubusercontent.com/noobsandnerds/modules4all/master/zips/addons.xml</info>
			<checksum>https://raw.githubusercontent.com/noobsandnerds/modules4all/master/zips/addons.xml.md5</checksum>
			<datadir zip="true">https://raw.githubusercontent.com/noobsandnerds/modules4all/master/zips/</datadir>
		</dir>
		<info compressed="false">https://raw.githubusercontent.com/sydney1712/repository.sydney1712/master/zips/addons.xml</info>
		<checksum>https://raw.githubusercontent.com/sydney1712/repository.sydney1712/master/zips/addons.xml.md5</checksum>
		<datadir zip="true">https://raw.githubusercontent.com/sydney1712/repository.sydney1712/master/zips/</datadir>
	</extension>
	<extension point="xbmc.addon.metadata">
		<summary lang="en">my repo</summary>
		<description lang="en">my repo</description>
		<genre>documentary,livetv,movies,music,sports,tvshows,uk,usa</genre>
	</extension>
</addon>